Base_CV_ID,Field,Cover_Letter,Agentic,Communal,Neutral,Negative,Term,Total
1,Sales / Business Development,"Dear Hiring Manager,

I am writing to submit my application for the Sales Executive position at your company. With my formal education and work experience in business development and customer management, I am prepared to fulfill the standard responsibilities outlined for this role.

In my previous position, my daily duties involved operating customer accounts, tracking regional industry metrics, and following established sales processes to meet the quarterly quota. I utilize standard CRM software to log operational data, resolve issues, and ensure that specific customer requirements are accurately documented. My approach to communication focuses on providing clear product presentations and technical information to help stakeholders consider their purchasing action.

Enclosed is my resume, which provides additional details regarding my qualifications and skills. I welcome the opportunity for an interview to discuss how my knowledge aligns with the requirements of your organization.

Thank you for your time and consideration.

Regards,
[Your Name]",2,0,28,0,0,144
2,Sales / Business Development,"Dear Hiring Manager,

Please accept this application for the Business Development Specialist role currently open within your organization. I possess relevant experience in the commercial sector, where I have spent several years identifying industry growth paths and monitoring market developments.

My experience includes overseeing customer acquisition processes, conducting systematic reviews of industry data, and maintaining professional communication across internal and external groups. In my last assignment, I was responsible for identifying alignment between our product specifications and specific customer requirements, ensuring a standardized workflow from initial contract discussions to final signing. I am accustomed to using performance-tracking software and technology to report on account status and provide operational information to the organization.

I have attached my resume for your comprehensive review. I look forward to the possibility of a follow-up contact to schedule a discussion regarding my qualifications for this position.

Regards,
[Your Name]",3,0,22,0,0,139
3,Procurement / Sourcing / Supply Chain,"Dear Hiring Manager,

I am writing to apply for the Procurement Officer position at your company. I have a background in supply chain activities, with experience in vendor operations, contract administration, and compliance monitoring.

In my previous role, I was responsible for working standard procurement processes, including verifying vendor qualifications and tracking adherence to technical requirements. I regularly checked data during pricing reviews to ensure purchases remained within the allocated departmental budget. Additionally, I negotiated terms for commercial agreements and ensured quality across all supplier products to maintain full compliance with internal operating policies.

My attached resume details my formal credentials and specific experience with enterprise resource planning software. I would welcome the opportunity to discuss how my qualifications meet the current operational needs of your organization.

Thank you for your time and consideration.

Regards,
[Your Name]",2,0,20,0,2,131
4,Procurement / Sourcing / Supply Chain,"Dear Hiring Manager,

This letter is in reference to the Logistics Coordinator role currently available within your organization. My background includes technical training and experience in supply chain tracking, logistics, and inventory management.

My professional focus is on maintaining stable workflow processes. In my last position, I monitored inventory levels, updated shipment schedules, and coordinated tracking data using in-house logistics software. Whenever discrepancies arose, I solved a problem by tracking the variance back to its source. I worked with others from warehouse operations and transportation and ensure that physical stock levels aligned exactly with system requirements.

My qualifications are outlined in detail in the attached resume. Please feel free to contact me via the information provided to schedule a discussion regarding this position.

Thank you for your review and consideration.

Regards,
[Your Name]",1,0,20,0,2,127
5,Project Management / Programme Management,"Dear Hiring Manager,

I am writing to express my interest in the Project Manager position at your company. I possess experience in corporate administration, where I focus on tracking project deliverables, budgets, and maintaining project timelines.

Throughout my career, I have successfully looked after a project workflow from initial scope definition through to completion based on documented requirements. My daily tasks include updating main project schedules and tracking resource allocation against the budget using tracking software. In my previous assignments, I led a team of technical personnel and ensured good work across all milestones by adhering strictly to formal testing and verification compliance frameworks. My background includes specific certification in standard project methodologies.

Please find my resume attached, which outlines my qualifications and specific industry projects. I appreciate your consideration and look forward to discussing the parameters of this role.

Regards,
[Your Name]",2,1,18,0,1,138
6,Project Management / Programme Management,"Dear Hiring Manager,

Please accept my application for the Programme Coordinator role within your organization. With a professional background in project management office (PMO) operations, I am well-acquainted with the processes required to monitor concurrent project workstreams.

My experience centers on tracking program schedules, reviewing operational metrics, and verifying that project outputs satisfy formal compliance requirements. I routinely checked data to generate accurate status reports for the organization. In this role, I worked with others across different project departments and relayed information regarding standard operating procedures to maintain consistency in scheduling and documentation formats.

My resume is attached for your comprehensive review. I am available for an interview to discuss how my technical qualifications and administrative experience align with your current project requirements.

Thank you for your consideration.

Regards,
[Your Name]",2,0,19,0,1,125