Base_CV_ID,Field,Cover_Letter,Agentic_Count,Communal_Count,Neutral_Count,Negative_Count,Total_Words
7,Sales / Business Development,"Dear Hiring Manager,

I am writing to submit my application for the Sales and Business Development position at [Company] in [Location].

My professional background includes five years of experience in sales operations. During this period, I managed accounts and processed new business inquiries. I maintained records of client interactions and performed outreach activities to generate interest in products.

My technical abilities include the use of customer relationship management software and standard office programs. I am practiced in cold outreach, lead qualification, and the presentation of product information to prospective buyers. I adhere to standard sales procedures and report on metrics as requested.

I am available for an interview to discuss how my background aligns with the requirements of this role. Please contact me at your convenience to arrange a meeting.

Regards,
[Your Name]",3,2,13,0,127
8,Sales / Business Development,"Dear Hiring Manager,

I am writing to apply for the Sales and Business Development position at [Company] in [Location]. This letter serves to express my interest in the vacancy as advertised.

My background includes five years of experience in sales operations and client relations. During this time, I managed account portfolios and processed client inquiries. I maintained records of client interactions and provided updates to management regarding status reports.

My daily tasks included cold calling, lead identification, and the arrangement of meetings. I utilized software to track engagement metrics and prepared documentation for contract negotiations. I am proficient in standard office software and communication tools.

I am available for an interview to discuss this role. Please contact me via the information provided on my resume to arrange a meeting.

Regards,
[Your Name]",2,3,11,0,126
9,Sales / Business Development,"Dear Hiring Manager,

I am writing to apply for the Sales and Business Development position at [Company] in [Location]. This letter serves as a formal expression of interest in the vacancy.

My professional background includes five years of experience in sales operations. During this period, I managed accounts, engaged with prospective clients, and maintained records of business interactions. I performed tasks related to market research and client outreach to facilitate business operations.

My technical skills include the use of customer relationship management software and data entry systems. I am proficient in the use of office productivity software and communication tools. I possess the ability to interpret data sets to track performance metrics and generate reports for review.

I am available for an interview to discuss this application. Please contact me via the information provided on my resume to arrange a meeting.

Regards,
[Your Name]",3,3,14,0,138
10,Sales / Business Development,"Dear Hiring Manager,

I am writing to apply for the Sales and Business Development position at [Company] in [Location]. This letter expresses my interest in the vacancy as advertised.

My professional background includes five years of experience in sales operations. During this period, I managed client accounts and processed business transactions. I held responsibility for maintaining records and communicating with prospective entities regarding service offerings.

My technical skills include the use of customer relationship management software and data entry systems. I possess the ability to conduct cold outreach and present information to potential clients. I maintain standard office productivity tools to track progress and report metrics to management.

I am available to discuss my qualifications for this position at your convenience. Please contact me via the information provided on my resume to arrange an interview.

Regards,
[Your Name]",1,5,13,0,132
11,Sales / Business Development,"Dear Hiring Manager,

I am writing to express interest in the Sales position at [Company] located in [Location]. My application is submitted for your consideration regarding this opening.

My professional history includes roles in sales and business development. In these positions, I managed accounts and processed transactions. I maintained records of client interactions and provided information about products. These responsibilities required consistent adherence to established operational procedures.

My experience includes prospecting for new contacts and presenting information to potential clients. I am familiar with the use of standard software for tracking activity and maintaining contact databases. I communicate facts regarding product features and pricing structures to facilitate business exchanges.

I am available for an interview to discuss how my background aligns with the requirements of [Company]. Please contact me at your convenience to arrange a time. Thank you for your time and attention to this application.

Regards,
[Your Name]",2,3,15,0,143
12,Sales / Business Development,"Dear Hiring Manager,

I am writing to express interest in the Sales / Business Development position at [Company] in [Location]. This letter serves as my formal application for the role.

My professional background includes five years of experience in sales operations and client relations. During this time, I managed account portfolios and processed new client acquisitions. I have maintained records of customer interactions and processed contracts within the parameters of established organizational procedures.

My core competencies include data entry, cold outreach, and the management of customer relationship databases. I am proficient in the use of standard office software to track activity and generate reports. These tasks are performed according to the protocols set by the organization to ensure accuracy in all records.

I am available for an interview at your convenience to discuss how my background aligns with the requirements of this position. Thank you for your consideration of this application.

Regards,
[Your Name]",2,3,14,0,148
13,Sales / Business Development,"Dear Hiring Manager,

I am writing to submit my application for the Sales and Business Development position at [Company] located in [Location]. My background aligns with the requirements stated in the job description.

My professional history includes five years of experience in sales operations. During this period, I managed client accounts and processed business transactions. I held responsibility for maintaining records, communicating with prospects, and facilitating the progress of sales cycles.

I possess proficiency in customer relationship management software and data entry. My technical skills include the use of office productivity tools and the analysis of sales metrics. I maintain accurate documentation and communicate information to internal departments.

I am available for an interview to discuss how my qualifications align with the needs of [Company]. Please contact me at your convenience to arrange a meeting.

Regards,
[Your Name]",1,4,13,0,132
14,Sales / Business Development,"Dear Hiring Manager,

I am writing to apply for the Sales and Business Development position at [Company] in [Location]. This letter serves as a formal expression of interest in the vacancy.

My professional background includes five years of experience in sales operations. In previous roles, I managed client accounts, conducted outreach, and processed service agreements. My daily tasks involved maintaining records and providing information to prospective clients.

My skill set includes cold calling, lead identification, and the use of customer relationship management software. I have experience with contract negotiation and the preparation of price quotations. I am proficient in standard office software and data entry procedures.

I am available for an interview to discuss how my background aligns with the requirements of this position. Please contact me at your convenience to arrange a meeting.

Regards,
[Your Name]",2,4,12,0,131
15,Sales / Business Development,"Dear Hiring Manager,I am writing to apply for the Sales and Business Development position at [Company] in [Location]. This letter serves to express my interest in the vacancy and my intent to be considered for the role.

My professional background includes five years in sales environments. During this period, I engaged in outreach, managed accounts, and processed transactions. My primary responsibilities involved identifying prospective clients and maintaining records of communication.

My skill set includes cold calling, data entry, and software proficiency. I possess the ability to use customer relationship management tools to track progress. I am capable of presenting information regarding products to potential buyers and answering inquiries about features.

I am available for an interview to discuss this role. Please contact me via the information provided on my resume. I look forward to your response.",1,2,13,0,134
16,Sales / Business Development,"Dear Hiring Manager,I am writing to apply for the Sales and Business Development position at [Company] in [Location]. This letter serves as a formal expression of interest in the vacancy.

My professional background includes five years of experience in sales operations. During this period, I managed accounts and processed client requests. My primary duties involved maintaining records, contacting potential clients, and presenting information regarding products.

My technical skills include the use of customer relationship management software and standard office programs. I am practiced in cold calling, lead qualification, and the preparation of contracts. I maintain a focus on data entry and the clear communication of product specifications to potential purchasers.

I am available for an interview to discuss how my background aligns with the requirements of this role. Please contact me via the information provided on my resume to arrange a meeting.

Regards,
[Your Name]",2,3,15,0,140
17,Sales / Business Development,"Dear Hiring Manager,

I am writing to submit my application for the Sales and Business Development position at [Company] in [Location].

My professional background includes five years of experience in sales operations. During this period, I managed accounts, conducted outreach to prospective clients, and handled administrative requirements related to contract processing. I maintained records of client interactions and provided regular updates to management regarding the status of pending transactions.

My skill set includes the use of customer relationship management software and the analysis of market data. I am experienced in identifying potential leads and preparing presentations for meetings. I am also familiar with standard reporting procedures and the maintenance of internal documentation.

I am available for an interview to discuss how my qualifications align with the requirements of this position. Thank you for your consideration of this application.

Regards,
[Your Name]",1,3,13,0,135
18,Sales / Business Development,"Dear Hiring Manager,

I am writing to express interest in the Sales position at [Company] located in [Location]. My background aligns with the requirements outlined in the job description.

In my previous roles, I managed accounts and engaged with prospective clients to discuss product offerings. I maintained records of interactions and processed transactions according to established procedures. My experience includes identifying potential clients and presenting information regarding services provided by the organization.

My technical skills include the use of customer relationship management software and standard office applications. I am proficient in drafting professional correspondence and preparing reports based on provided data. I possess the ability to organize schedules and manage administrative tasks associated with the sales process.

I am available for an interview to discuss how my qualifications align with the needs of [Company]. Please contact me via the information provided on my resume to arrange a time for further discussion.

Regards,
[Your Name]",2,4,16,0,148
19,Sales / Business Development,"Dear Hiring Manager,

I am writing to apply for the Sales and Business Development position at [Company] in [Location]. This letter serves as a formal expression of interest in the vacancy.

My professional background includes five years of experience in sales operations. During this period, I engaged in lead generation, client outreach, and account management. My primary functions involved identifying potential clients and managing the progression of sales cycles from initial contact to contract finalization.

I possess professional proficiency in CRM software, data analysis, and professional correspondence. My work involves the preparation of reports and the maintenance of client records. I maintain an organized approach to administrative tasks and prioritize the accuracy of sales documentation.

I am available for an interview to discuss how my background aligns with the requirements of this role. Please contact me via the information provided on my resume to arrange a time for further discussion.

Regards,
[Your Name]",2,3,11,0,147
20,Sales / Business Development,"Dear Hiring Manager,

I am writing to apply for the Sales and Business Development position at [Company] in [Location]. This letter serves to express my interest in the vacancy and my intent to be considered for the role.

My professional background includes five years of experience in sales operations. During this period, I managed accounts and processed customer inquiries. I performed outreach to potential clients and documented interactions within internal databases.

My technical skills include proficiency in customer relationship management software and spreadsheet applications. I possess experience in drafting correspondence and preparing data summaries. I am capable of maintaining records and executing standard sales procedures.

I am available for an interview to discuss my qualifications. Please contact me via the information provided on my resume to arrange a meeting. I look forward to your response regarding this application.

Regards,
[Your Name]",3,2,15,0,135
21,Sales / Business Development,"Dear Hiring Manager,

I am writing to express my interest in the Sales position at [Company] in [Location]. Please accept this letter and the attached resume as formal application for the role.

My professional background includes five years of experience in sales and business development. In previous positions, I managed accounts, contacted potential clients, and maintained records of interactions. These roles required consistent communication with existing and prospective customers to convey product information.

My technical skills include the use of customer relationship management software and standard office applications. I am proficient in organizing schedules, conducting research on market segments, and drafting correspondence. These methods allow for the processing of inquiries and the management of sales pipelines.

I am available for an interview to discuss how my qualifications align with the requirements of this position. Thank you for your time and consideration of this application.

Regards,
[Your Name]",2,2,18,0,141
22,Sales / Business Development,"Dear Hiring Manager,

I am writing to express interest in the Sales position at [Company] located in [Location]. My background aligns with the requirements stated in the job description.

My previous work history includes five years in sales and business development roles. During this period, I managed client accounts, identified potential new business, and maintained records of professional interactions. These responsibilities involved the consistent application of standard sales processes and the maintenance of professional relationships with contacts.

My skill set includes the ability to present information to potential clients, the use of CRM software for data entry, and the drafting of formal correspondence. I am capable of managing a calendar, preparing reports on sales activity, and addressing inquiries from interested parties. These tasks are performed through a structured approach to daily operations.

I am available for an interview to discuss how my qualifications meet the needs of [Company]. Please contact me at your convenience to arrange a meeting. Thank you for your time and attention to this application.

Regards,
[Your Name]",4,2,12,0,165
23,Sales / Business Development,"Dear Hiring Manager,

I am writing to express interest in the Sales position at [Company] in [Location]. This letter serves as a formal application for the vacancy.

My background includes five years of experience in sales operations. During this period, I managed client accounts, processed contracts, and tracked market data. I am familiar with the standard procedures required for client acquisition and account maintenance.

My technical skills include proficiency in CRM software, data entry, and professional communication. I perform tasks such as generating reports, organizing schedules, and documenting client interactions. These activities are completed according to established office protocols.

I am available for an interview to discuss this role. Please contact me via the information provided on my resume to arrange a meeting time.

Regards,
[Your Name]",2,3,12,0,121
24,Sales / Business Development,"Dear Hiring Manager,

I am writing to apply for the Sales and Business Development position at [Company] in [Location]. This letter serves as a formal expression of interest in the vacancy.

My professional background includes five years of experience in sales operations. During this period, I managed accounts and processed client contracts. I maintained records of transactions and provided information regarding products to current and prospective clients.

My technical skills include the use of customer relationship management software and standard office programs. I am proficient in cold calling, lead qualification, and the preparation of sales reports. I maintain professional communication with clients through email and telephone correspondence.

I am available for an interview to discuss this role. Please contact me via the information provided on my resume. Thank you for your time and consideration of this application.

Regards,
[Your Name]",2,4,16,0,134
25,Sales / Business Development,"Dear Hiring Manager,

I am writing to apply for the Sales and Business Development position at [Company] in [Location]. This letter serves as a formal expression of interest in the vacancy.

My professional background includes five years of experience in sales operations. During this period, I managed accounts and processed transactions within the [Industry] sector. My responsibilities involved identifying potential clients and maintaining records of commercial interactions.

I possess proficiency in standard office software and customer relationship management systems. My primary functions include communicating product details to potential clients and preparing reports on sales activity. I maintain organized schedules and adhere to established procedures for client outreach.

I am available for an interview to discuss how my background aligns with the requirements of this role. Please contact me via the information provided in my resume to arrange a meeting.

Regards,
[Your Name]",1,5,13,0,136
26,Sales / Business Development,"Dear Hiring Manager,

I am writing to apply for the Sales and Business Development position at [Company]. My interest in this role is based on the professional requirements listed in the job description.

My background includes five years of experience in sales roles at [Company] in [Location]. During this period, I managed client accounts and conducted outreach activities. I processed customer inquiries and maintained records of professional interactions.

My skill set includes the use of customer relationship management software and the preparation of business documentation. I am able to conduct cold outreach and present product information to potential clients. I also possess experience in the maintenance of sales pipelines and the analysis of market data.

Please find my resume attached for your review. I am available for an interview at your convenience to discuss the details of this position. Thank you for your time.

Regards,
[Your Name]",1,3,16,0,141
27,Sales / Business Development,"Dear Hiring Manager,

I am writing to express interest in the Sales position at [Company] located in [Location]. My background aligns with the requirements stated in the job description.

My professional history includes five years in sales and business development roles. During this period, I managed client accounts and maintained professional relationships with various contacts. I performed tasks related to market analysis and outreach to prospective clients.

My skill set includes the use of customer relationship management software and the preparation of business reports. I am capable of organizing schedules and processing information in a structured manner. I maintain standard office records and communicate information through written and verbal channels.

I am available for an interview to discuss how my qualifications meet the needs of [Company]. Thank you for your time and consideration of this application.

Regards,
[Your Name]",2,4,12,0,133
28,Sales / Business Development,"Dear Hiring Manager,

I am writing to express interest in the Sales position at [Company] located in [Location]. My background aligns with the requirements stated in the job description.

My professional history includes five years in sales and business development roles. During this period, I managed account portfolios and processed new client acquisitions. I maintained records of client interactions and performed outreach to prospective accounts.

My technical proficiencies include the use of customer relationship management software and data analysis tools. I possess experience in drafting proposals and preparing reports for internal review. I am capable of managing administrative tasks and coordinating schedules for meetings.

I am available for an interview to discuss this role. Please contact me via the email address or phone number provided on my resume. Thank you for your time and consideration.

Regards,
[Your Name]",3,3,12,0,132
29,Sales / Business Development,"Dear Hiring Manager,

I am writing to apply for the Sales and Business Development position at [Company] in [Location]. This letter serves as a formal expression of interest in the vacancy.

My professional background includes five years of experience in sales operations. During this period, I managed accounts and processed transactions for clients. I maintained records of business interactions and handled communication regarding product availability.

My technical skills include the use of customer relationship management software and data entry systems. I possess experience in drafting professional correspondence and preparing reports. My work involves the organization of schedules and the maintenance of internal databases.

Please find my resume attached for your review. I am available for an interview at your convenience to discuss the requirements of the position. Thank you for your time and consideration.

Regards,
[Your Name]",1,2,16,0,131
30,Sales / Business Development,"Dear Hiring Manager,

I am writing to express my interest in the Sales position at [Company] located in [Location]. This letter serves as a formal application for the vacancy.

My professional background includes five years of experience in sales and business development. During this time, I managed client accounts, performed market research, and processed inquiries. I have held positions where I maintained records, communicated with prospects, and updated internal documentation.

My technical skills include the use of customer relationship management software and spreadsheet applications. I have experience with cold outreach, lead qualification, and the preparation of business proposals. I am capable of organizing schedules and tracking metrics related to sales activity.

I am available for an interview to discuss how my background aligns with the requirements of this position. Thank you for your time and consideration of this application.

Regards,
[Your Name]",3,3,14,0,136
31,Sales / Business Development,"Dear Hiring Manager,

I am writing to express my interest in the Sales position at [Company] located in [Location]. This letter serves as my formal application for the role.

My professional background includes five years of experience in sales and business development. During this time, I managed client accounts and processed sales agreements. I maintained professional communication with existing clients and contacted potential prospects to provide information regarding services.

My technical skills include data entry, CRM software operation, and the preparation of business reports. I possess the ability to track communication logs and organize documentation. I am proficient in the use of office software and maintain accurate records of client interactions.

I am available for an interview to discuss this application. Please contact me via the information provided on my resume to arrange a meeting.

Regards,
[Your Name]",1,4,17,0,132
32,Sales / Business Development,"Dear Hiring Manager,
I am writing to apply for the Sales and Business Development position at [Company] in [Location]. This letter serves as a formal expression of interest in the vacancy.

My professional background includes five years of experience in sales operations. During this period, I managed accounts and processed transactions within the [Industry] sector. I maintained records and reported on activity status to management.

My skill set includes cold calling, lead identification, and contract negotiation. I use CRM software to track interactions and organize client information. I am capable of presenting product information to potential customers and answering inquiries regarding pricing and terms.

I am available for an interview to discuss this role. Please contact me via the information provided on my resume to arrange a meeting.

Regards,
[Your Name]",2,1,12,0,125
33,Sales / Business Development,"Dear Hiring Manager,

I am writing to apply for the Sales and Business Development position at [Company] in [Location]. This letter serves to express my interest in the vacancy as advertised.

My background includes five years of experience in sales operations and client acquisition. In my previous position at [Company], I managed account portfolios and processed new contracts. My work involved identifying prospective clients and maintaining records of business transactions.

My professional skills include CRM data entry, cold outreach, and contract negotiation. I am capable of preparing reports, tracking sales metrics, and communicating with clients via email and telephone. I maintain organization in my daily tasks and adhere to standard business procedures.

I have attached my resume for your review. I am available for an interview at your convenience to discuss the requirements of this role. Thank you for your time and consideration of this application.

Regards,
[Your Name]",1,4,15,0,143
34,Sales / Business Development,"Dear Hiring Manager,

I am writing to apply for the Sales and Business Development position at [Company] in [Location]. This letter serves as a formal expression of interest in the vacancy.

My professional background includes five years of experience in sales operations. During this period, I managed accounts and processed client requests. I maintained records of transactions and provided information regarding products to potential customers.

My technical abilities include the use of customer relationship management software and standard office applications. I possess experience in cold outreach, lead qualification, and contract preparation. I am capable of organizing schedules and tracking metrics related to sales volume.

I am available for an interview to discuss this role. Please contact me via the information provided on my resume to arrange a meeting.

Regards,
[Your Name]",2,2,13,0,125
35,Procurement / Sourcing / Supply Chain,"Dear Hiring Manager,

I am writing to apply for the Procurement position at [Company] in [Location]. This letter expresses interest in the vacancy as advertised.

My background includes five years of experience in supply chain operations. Previous tasks involved managing vendor contracts, processing purchase orders, and maintaining inventory records. I have experience in auditing supplier performance and reconciling procurement data.

My professional skills include the use of enterprise resource planning systems and inventory management software. I possess experience in data entry, vendor communication, and the preparation of procurement reports. My work involves the assessment of supply chain metrics and the maintenance of procurement documentation.

Please contact me at your convenience to discuss this application. I am available for an interview at a time that aligns with your schedule. Thank you for your consideration of these materials.

Regards,
[Your Name]",2,0,17,0,133
36,Procurement / Sourcing / Supply Chain,"Dear Hiring Manager,

I am writing to express my interest in the Procurement position at [Company] located in [Location]. My background includes experience in sourcing and supply chain activities within various organizational structures.

My professional history involves managing vendor relations and processing purchase orders. I have been responsible for maintaining inventory records and verifying the accuracy of incoming shipments. These tasks were performed in accordance with established procurement procedures.

My technical skills include the use of enterprise resource planning software and spreadsheet applications for data entry. I have experience in auditing invoices and identifying discrepancies in procurement documentation. I am able to manage multiple administrative tasks and maintain records of vendor activity.

I am available to discuss my qualifications for this role. Please contact me to arrange an interview. Thank you for your time.

Regards,
[Your Name]",3,0,13,0,131
37,Procurement / Sourcing / Supply Chain,"Dear Hiring Manager,

I am writing to apply for the Procurement position at [Company] located in [Location]. This letter serves to express my interest in the vacancy and my intent to be considered for the position.

My professional background includes five years of experience in supply chain operations. During this time, I managed vendor contracts, processed purchase orders, and maintained inventory records. I performed audits of supplier performance and verified that procurement activities adhered to internal policies.

My skill set includes data entry, contract review, and inventory tracking. I have experience using enterprise resource planning software to monitor stock levels and process invoices. I am capable of organizing documentation and maintaining logs of procurement activities.

I have attached my resume for your review. Please inform me if additional information is required. I am available for an interview at your convenience.

Regards,
[Your Name]",3,0,16,0,137
38,Procurement / Sourcing / Supply Chain,"Dear Hiring Manager,

I am submitting my application for the Procurement position at [Company] located in [Location]. This letter expresses my interest in the vacancy as advertised.

My professional background includes five years of experience in supply chain operations. I have managed vendor contracts, processed purchase orders, and maintained inventory records. Previous responsibilities involved the assessment of supplier performance and the maintenance of procurement documentation.

My technical skills include the use of enterprise resource planning software and data analysis tools. I possess experience in the evaluation of pricing structures and the management of logistics workflows. I am competent in the maintenance of records and the processing of procurement requests according to established internal procedures.

I am available for an interview to discuss my qualifications for this position. Please contact me via the information provided on my resume to arrange a meeting. Thank you for your time regarding this application.

Regards,
[Your Name]",2,0,18,0,146
39,Procurement / Sourcing / Supply Chain,"Dear Hiring Manager,

I am writing to submit my application for the Procurement position at [Company] located in [Location]. My interest in this role aligns with my background in supply chain functions.

My professional history includes five years of experience within procurement departments. In these roles, I managed vendor contracts, processed purchase orders, and maintained inventory records. I performed audits of supplier performance and verified that procurement activities adhered to internal policies.

My technical skills include the use of enterprise resource planning software and data entry systems. I have experience in preparing financial reports, tracking shipments, and communicating with vendors to confirm delivery dates. I am familiar with procurement cycles and the documentation required for these processes.

I am available for an interview at your convenience to discuss how my background matches the requirements of this role. Thank you for your time and consideration of this application.

Regards,
[Your Name]",3,1,15,0,144
40,Procurement / Sourcing / Supply Chain,"Dear Hiring Manager,

I am writing to apply for the Procurement position at [Company] located in [Location]. This letter serves to express interest in the vacancy as advertised.

My background includes five years of experience in supply chain operations. During this period, I maintained inventory records, processed purchase orders, and managed vendor correspondence. I performed tasks related to contract administration and logistics coordination within [Company].

My technical abilities include the use of enterprise resource planning software and data entry systems. I have experience in analyzing price trends, verifying invoices, and monitoring shipment schedules. I possess experience in vendor evaluation and the maintenance of procurement documentation.

I am available for an interview at your convenience to discuss the requirements of the role. Please contact me via the information provided in my resume. Thank you for your time regarding this application.

Regards,
[Your Name]",2,0,18,0,136
41,Procurement / Sourcing / Supply Chain,"Dear Hiring Manager,

I am writing to express my interest in the Procurement position at [Company] located in [Location]. My background includes work within supply chain operations and sourcing functions.

My professional history involves managing vendor contracts and processing purchase orders. I have performed tasks related to inventory tracking, supplier correspondence, and data entry within procurement systems. These responsibilities required maintaining documentation and verifying transaction accuracy.

My technical skills include the use of enterprise resource planning software and spreadsheet applications for data organization. I possess experience in monitoring supply levels, evaluating price quotes, and preparing reports regarding vendor performance. I am proficient in the use of standard office tools to perform daily administrative tasks.

Please accept this letter as a formal application for the position. I am available for an interview at your convenience to discuss the requirements of the role. I appreciate your time and consideration of my qualifications.

Regards,
[Your Name]",4,0,17,0,147
42,Procurement / Sourcing / Supply Chain,"Dear Hiring Manager,

I am writing to submit my application for the Procurement position at [Company] in [Location]. This letter serves as a formal expression of interest in the vacancy.

My professional background includes five years of experience in supply chain operations. During this period, I managed vendor contracts, processed purchase orders, and monitored inventory levels. I maintained records of transactions and verified that all documentation aligned with internal procurement policies.

My technical proficiency includes the use of enterprise resource planning software to track vendor performance. I possess experience in data entry, cost analysis, and the preparation of reports regarding material availability. I am familiar with procurement procedures and the maintenance of supply schedules.

I am available for an interview to discuss this role. Please contact me via the information provided in my resume. Thank you for your time and consideration of this application.

Regards,
[Your Name]",2,0,16,0,141
43,Procurement / Sourcing / Supply Chain,"Dear Hiring Manager,

I am writing to submit my application for the Procurement position at [Company] in [Location]. This letter serves to indicate my interest in the vacancy currently open within your organization.

My professional background includes five years of experience in supply chain operations. During this period, I managed vendor contracts, processed purchase orders, and monitored inventory levels. I maintained records of procurement activities and communicated with suppliers to verify order status and shipping timelines.

My technical skills include the use of enterprise resource planning software to track materials. I possess experience in data entry, invoice reconciliation, and document filing. I am familiar with procurement procedures and the monitoring of vendor performance metrics to ensure adherence to established agreements.

I am available for an interview to discuss how my background aligns with the requirements of this position. Thank you for your time and consideration of my application.

Regards,
[Your Name]",2,1,16,0,145
44,Procurement / Sourcing / Supply Chain,"Dear Hiring Manager,

I am writing to apply for the Procurement position at [Company] in [Location]. My interest in this role is based on the job description provided.

My professional background includes five years of experience in supply chain operations. During this period, I managed vendor contracts, processed purchase orders, and maintained inventory records. I performed tasks related to procurement cycles and logistics.

My technical skills include the use of enterprise resource planning software and data entry systems. I have experience with vendor evaluation, price negotiation, and the analysis of supply chain data. I am familiar with procurement documentation and standard office software applications.

I am available for an interview to discuss my qualifications for this position. Please contact me at your convenience.

Regards,
[Your Name]",2,0,16,0,120
45,Procurement / Sourcing / Supply Chain,"Dear Hiring Manager,

I am writing to apply for the Procurement position at [Company] in [Location]. My interest in this opening is based on the requirements listed in the job description.

My professional background includes five years of experience in supply chain operations. During this time, I managed vendor relationships and handled the procurement of raw materials. I also processed purchase orders and tracked the movement of inventory within [Company] systems.

I possess experience in data analysis, contract review, and inventory management. My daily tasks involve the use of enterprise resource planning software to monitor stock levels and verify vendor invoices. I maintain records of procurement activities to ensure that all documentation is accurate.

I am available for an interview to discuss how my background aligns with the needs of [Company]. Please contact me via phone or email to arrange a meeting at your convenience.

Regards,
[Your Name]",1,0,15,0,142
46,Procurement / Sourcing / Supply Chain,"Dear Hiring Manager,

I am writing to apply for the Procurement position at [Company] located in [Location]. This letter serves as a formal expression of interest in the vacancy.

My background includes work in supply chain operations. I have performed tasks related to vendor management, contract administration, and inventory oversight. My professional history involves the maintenance of procurement records and the processing of purchase orders.

The skills I possess include data analysis, the use of enterprise resource planning software, and the management of vendor databases. I am capable of identifying price variances and executing standard procurement procedures. These technical skills are applied to the daily functions required for supply chain activities.

I am available for an interview to discuss my qualifications for this position. Please contact me via the information provided in my application file. Thank you for your time regarding this matter.

Regards,
[Your Name]",2,0,14,0,140
47,Procurement / Sourcing / Supply Chain,"Dear Hiring Manager,

I am writing to submit my application for the Procurement role at [Company] in [Location]. My interest in this position is based on the stated requirements for the management of supply chain operations.

My professional background includes five years of experience in procurement and vendor management. During this period, I managed procurement cycles, processed purchase orders, and maintained records of vendor performance. I have performed tasks related to contract administration and inventory control within various operational settings.

My technical skills include the use of enterprise resource planning software and data analysis programs. I maintain records for procurement activities and monitor supplier status. I possess experience in drafting procurement documentation and reconciling financial reports.

I am available for an interview to discuss my qualifications for this position. Please contact me via the information provided on my resume to arrange a meeting.

Regards,
[Your Name]",3,0,18,0,140
48,Procurement / Sourcing / Supply Chain,"Dear Hiring Manager,

I am writing to express my interest in the Procurement position at [Company] in [Location]. Please accept this letter and the attached resume as a formal application for the vacancy.

My professional background includes five years of experience in supply chain operations. During this period, I managed vendor contracts, processed purchase orders, and maintained inventory records. I performed analysis on supplier performance data and verified that all procurement activities remained within established budgetary parameters.

My technical skills include the use of enterprise resource planning software to track materials and manage vendor lists. I possess experience in contract review and the assessment of pricing structures. I am familiar with the processes required to maintain procurement logs and prepare reports on material availability.

I am available for an interview to discuss how my experience aligns with the requirements of this role. Thank you for your time in reviewing this application.

Regards,
[Your Name]",4,0,18,0,148
49,Procurement / Sourcing / Supply Chain,"Dear Hiring Manager,

I am writing to apply for the Procurement position at [Company] located in [Location]. This letter serves to express my interest in the vacancy as advertised.

My professional background includes five years of experience in supply chain operations. During this period, I managed vendor contracts, processed purchase orders, and monitored inventory levels. These activities were conducted to maintain standard operating procedures within the organization.

My technical skills include the use of enterprise resource planning software to track procurement cycles. I possess experience in data entry, vendor communication, and the analysis of material costs. These tasks are performed to provide accurate documentation and maintain accurate records of supply chain activities.

I am available to discuss my qualifications for this role. Please contact me via the information provided in my resume to arrange an interview.

Regards,
[Your Name]",2,0,17,0,133
50,Procurement / Sourcing / Supply Chain,"Dear Hiring Manager,

I am writing to submit my application for the Procurement position at [Company] in [Location]. This letter serves as a formal expression of interest in the vacancy.

My professional background includes five years of experience in supply chain operations. During this period, I managed vendor contracts, processed purchase orders, and maintained inventory records. I performed these duties within established organizational frameworks to ensure the continuity of material acquisition.

My technical proficiency includes the use of enterprise resource planning software and data analysis tools. I possess experience in contract review, price negotiation, and the assessment of vendor performance metrics. These activities are performed to maintain the flow of goods and services according to standard operational requirements.

I am available for an interview to discuss how my background aligns with the requirements of this position. Please contact me at your convenience to arrange a meeting. Thank you for your time and consideration of this application.

Regards,
[Your Name]",4,1,17,0,153
51,Procurement / Sourcing / Supply Chain,"Dear Hiring Manager,

I am writing to apply for the Procurement position at [Company] located in [Location]. This application is based on the requirements listed in the job advertisement.

My professional background includes five years of experience in supply chain operations. During this period, I managed vendor contracts, processed purchase orders, and maintained inventory records. I performed inventory audits and verified documentation against internal records.

My technical skills include the use of enterprise resource planning software and data entry systems. I have experience in analyzing price variances and auditing supply contracts for accuracy. I am familiar with procurement procedures and the documentation of vendor performance metrics.

I am available for an interview to discuss my qualifications for this position. Please contact me via the information provided on my resume.

Regards,
[Your Name]",3,0,18,0,126
52,Procurement / Sourcing / Supply Chain,"Dear Hiring Manager,

I am writing to submit my application for the Procurement position at [Company] in [Location]. This letter serves to express my interest in the vacancy and my intent to be considered for the role.

My professional background includes five years of experience in supply chain operations. During this period, I managed vendor accounts, processed purchase orders, and monitored inventory levels. I maintained records of transactions and verified that items arrived according to the stated agreements.

My technical skills include the use of enterprise resource planning software and data entry systems. I have experience with contract review, price analysis, and the preparation of procurement documentation. These tasks involve the use of standard office tools to track shipments and maintain vendor information.

I am available for an interview to discuss this role further. Please contact me via the information provided on my resume to arrange a meeting. Thank you for your time regarding this application.

Regards,
[Your Name]",1,0,19,0,153
53,Procurement / Sourcing / Supply Chain,"Dear Hiring Manager,

I am writing to submit my application for the Procurement position at [Company] in [Location]. This letter serves as a formal expression of interest in the vacancy.

My background includes tenure in supply chain operations and vendor management. During this time, I performed tasks related to procurement cycles, inventory tracking, and contract administration. I maintained records and monitored vendor performance based on established metrics.

My technical skills include the use of enterprise resource planning software and data analysis tools. I possess experience in drafting purchase orders, managing logistics documentation, and auditing procurement data for accuracy. I am competent in the use of standard office software for report generation and record keeping.

I am available for an interview to discuss my qualifications for this position. Please contact me via the information provided on my resume to arrange a meeting.

Regards,
[Your Name]",3,0,17,0,138
54,Procurement / Sourcing / Supply Chain,"Dear Hiring Manager,

I am writing to express my interest in the Procurement position at [Company] in [Location]. Please accept this letter as a formal application for the vacancy.

My professional history includes five years of experience within the supply chain sector. During this period, I managed vendor contracts and processed purchase orders. I maintained records of inventory levels and performed data entry tasks to document material flow.

My technical abilities include the use of enterprise resource planning software and spreadsheet programs for inventory tracking. I possess experience in vendor communication and the review of contract terms. My work involves the assessment of supplier pricing and the maintenance of procurement documentation.

I am available for an interview to discuss this position. Please contact me at your convenience to arrange a meeting. Thank you for your consideration of this application.

Regards,
[Your Name]",2,0,17,0,136
55,Procurement / Sourcing / Supply Chain,"Dear Hiring Manager,

I am writing to apply for the Procurement position at [Company] located in [Location]. This letter expresses my interest in the vacancy as advertised.

My professional background includes five years of experience in supply chain operations. During this period, I managed vendor contracts, processed purchase orders, and monitored inventory levels. I maintained records of transactions and participated in the procurement process for goods and materials.

My technical skills include data entry, use of enterprise resource planning software, and analysis of vendor pricing. I possess experience in drafting procurement documentation and maintaining supply databases. I am familiar with standard procurement procedures and the preparation of reports regarding vendor performance.

I am available for an interview to discuss this application. Please contact me via the information provided on my resume to arrange a meeting.

Regards,
[Your Name]",2,0,16,0,132
56,Procurement / Sourcing / Supply Chain,"Dear Hiring Manager,

I am writing to submit my application for the Procurement position at [Company] in [Location]. This letter serves as a formal expression of interest in the vacancy.

My background includes tenure in supply chain operations. I have performed tasks related to vendor assessment, contract administration, and inventory management. These duties involved the monitoring of procurement cycles and the maintenance of records for internal operations.

My technical proficiency includes the use of enterprise resource planning software and data analysis tools. I have processed purchase orders and monitored supplier performance metrics. I am familiar with procurement procedures and the management of vendor documentation.

I am available for an interview to discuss my qualifications for this position. Please contact me at your convenience to arrange a meeting. Thank you for your review of this application.

Regards,
[Your Name]",2,0,13,0,132
57,Procurement / Sourcing / Supply Chain,"Dear Hiring Manager,

I am writing to apply for the Procurement position at [Company] in [Location]. This letter serves as a formal expression of interest in the vacancy.

My professional background includes five years of experience in supply chain operations. During this period, I managed vendor contracts and monitored inventory levels. I maintained records of procurement activities and verified that all documentation aligned with internal requirements.

My technical skills include the use of enterprise resource planning software and data analysis tools. I possess experience in contract review and vendor performance assessment. I am familiar with procurement cycles, cost analysis, and inventory management procedures.

I have attached my resume for your review. I am available for an interview at your convenience to discuss the requirements of the position.

Regards,
[Your Name]",2,0,18,0,124
58,Procurement / Sourcing / Supply Chain,"Dear Hiring Manager,

I am writing to submit my application for the Procurement position at [Company] in [Location]. This letter serves as a formal expression of interest in the vacancy.

My professional background includes five years of experience in supply chain operations. During this period, I managed vendor contracts, processed purchase orders, and monitored inventory levels. These tasks required the maintenance of accurate records and the consistent observation of operational procedures.

My core competencies include data analysis, procurement software operation, and contract administration. I possess experience in vendor communication, the audit of invoices, and the preparation of status reports. I maintain a focus on the technical requirements of procurement workflows and the documentation of supply chain activities.

I am available for an interview to discuss how my experience aligns with the requirements of this position. Thank you for your time and consideration of this application.

Regards,
[Your Name]",2,0,18,0,142
59,Procurement / Sourcing / Supply Chain,"Dear Hiring Manager,

I am writing to submit my application for the Procurement position at [Company] located in [Location]. My background includes professional experience in purchasing and supply chain operations.

My previous work history involves the management of vendor contracts and the procurement of materials. I have performed tasks related to order processing, inventory tracking, and the review of supplier performance metrics. These responsibilities were conducted within standard operational frameworks.

My technical skills include the use of enterprise resource planning software and data entry systems. I possess experience in the evaluation of price quotes and the maintenance of procurement documentation. I am able to manage routine administrative tasks and maintain records regarding supply chain activities.

I am available for an interview to discuss my qualifications for this position. Please contact me via the information provided on my resume.

Regards,
[Your Name]",3,0,17,0,135
60,Procurement / Sourcing / Supply Chain,"Dear Hiring Manager,

I am writing to express my interest in the Procurement position at [Company] in [Location]. Please accept this letter and the attached resume as a formal application for the role.

My background includes professional experience in supply chain operations. I have performed tasks related to vendor management, procurement processes, and inventory oversight. In previous positions, I managed purchase orders, processed invoices, and maintained records within established systems.

My skill set includes the use of enterprise resource planning software and data entry applications. I am experienced in identifying supply requirements and processing documentation according to standard procedures. I maintain accuracy in inventory reporting and communicate with vendors to confirm order status and delivery dates.

I am available for an interview to discuss how my background matches the requirements of this position. Thank you for your time and consideration of this application.

Regards,
[Your Name]",2,1,17,0,140
61,Procurement / Sourcing / Supply Chain,"Dear Hiring Manager,

I am writing to apply for the Procurement position at [Company] in [Location]. My interest in this role aligns with the requirements listed in the job description.

My professional background includes five years of experience in supply chain operations. During this period, I performed tasks related to vendor management, contract administration, and inventory oversight. These duties involved the processing of purchase orders and the assessment of material availability.

My technical skills include the use of enterprise resource planning systems and data analysis software. I maintain records of procurement activities and prepare reports regarding cost variances. I am familiar with procurement cycles and the maintenance of vendor databases.

Please contact me at your convenience to discuss how my experience relates to the needs of [Company]. I am available for an interview at a time that suits your schedule.

Regards,
[Your Name]",1,0,15,0,137
62,Procurement / Sourcing / Supply Chain,"Dear Hiring Manager,

I am writing to apply for the Procurement position at [Company] in [Location]. This letter serves as a formal expression of interest in the role as advertised.

My professional background includes five years of experience in supply chain operations. During this period, I managed vendor contracts, processed purchase orders, and monitored inventory levels. I maintained records of transactions and verified that all received items met the stated requirements.

My technical skills include the use of enterprise resource planning software and data entry systems. I have experience in analyzing price fluctuations and comparing vendor quotes based on standard criteria. I am proficient in the use of spreadsheets for tracking procurement cycles and reporting on material availability.

I am available for an interview to discuss my qualifications for this position. Please contact me at the phone number or email address provided in my application documents. Thank you for the time taken to review these materials.

Regards,
[Your Name]",1,0,17,0,153
63,Project Management / Programme Management,"Dear Hiring Manager,

I am writing to submit my application for the Project Management position at [Company] in [Location]. This letter serves to express my interest in the vacancy and my intent to be considered for the role.

My professional background includes ten years of experience in project coordination and program oversight. During this time, I managed various operational tasks and maintained schedules for multiple workstreams. I have held positions at [Company] where I oversaw the progress of assigned projects.

My technical abilities include the use of industry-standard software for project tracking and resource allocation. I am proficient in the creation of progress reports, the maintenance of project documentation, and the coordination of internal workflows. I possess experience in budget monitoring and the identification of project status updates.

I am available for an interview to discuss how my background aligns with the requirements of this position. Thank you for your time and consideration of this application.

Regards,
[Your Name]",1,0,20,0,153
64,Project Management / Programme Management,"Dear Hiring Manager,

I am writing to express my interest in the Project Management position at [Company] in [Location]. This letter serves as a formal application for the vacancy as advertised.

My professional background includes experience in the administration of projects and programs across various sectors. I have functioned in roles involving the coordination of tasks, the management of schedules, and the oversight of project life cycles. My work has involved the maintenance of project documentation and the monitoring of project progress.

My technical proficiency includes the use of standard project management software and methodologies. I possess experience in budget tracking, risk identification, and resource allocation. I am familiar with the processes required to maintain project timelines and to report on status updates to relevant stakeholders.

I am available for an interview to discuss this application further. Thank you for your time and consideration of my background for this position.

Regards,
[Your Name]",1,0,17,0,147
65,Project Management / Programme Management,"Dear Hiring Manager,

I am writing to express interest in the Project Management position at [Company] in [Location]. This letter serves as a formal application for the role as advertised.

My professional background includes ten years of experience in project administration and oversight. During this period, I managed project life cycles, documented status updates, and tracked resource allocation. I have performed these duties within several organizations, ensuring that project documentation remained accurate and accessible.

My technical skills include the use of industry-standard software for scheduling and budget tracking. I possess proficiency in risk assessment, quality assurance processes, and the maintenance of project timelines. My work involves the frequent review of project data to ensure alignment with defined requirements.

I am available for an interview to discuss how my experience aligns with the requirements of this position. Please contact me via the provided email address or phone number to arrange a meeting.

Regards,
[Your Name]",4,0,22,0,148
66,Project Management / Programme Management,"Dear Hiring Manager,

I am writing to express interest in the Project Management position at [Company] in [Location]. This letter serves as a formal application for the vacancy as advertised.

My background includes tenure as a project manager at [Company]. During this period, I managed project life cycles, tracked milestones, and ensured adherence to established schedules. I maintained documentation and facilitated communication between internal departments to ensure project requirements were met according to the project charter.

My technical proficiency includes the use of project management software for resource allocation and progress tracking. I possess experience in budget monitoring, risk assessment, and the application of standard methodologies to project tasks. I maintain focus on process accuracy and the completion of assigned project deliverables within stated constraints.

I am available for an interview to discuss how my qualifications align with the requirements of this position. Thank you for your time and consideration of this application.

Regards,
[Your Name]",2,0,25,0,150
67,Project Management / Programme Management,"Dear Hiring Manager,

I am writing to submit my application for the Project Manager position at [Company] in [Location]. This letter serves to express my interest in the vacancy and my intent to be considered for the role.

My professional background includes experience managing projects and programmes within [Company]. During my tenure, I managed project schedules, monitored budgets, and addressed operational requirements. I have maintained documentation and tracked project status through various phases of completion.

My technical experience includes the application of standard project management methodologies. I have performed tasks related to resource allocation, risk identification, and progress reporting. I have used standard software tools to track milestones and organize project information.

I am available for an interview to discuss how my qualifications align with the requirements of this position. Thank you for your time and consideration of my application.

Regards,
[Your Name]",4,0,22,0,137
68,Project Management / Programme Management,"Dear Hiring Manager,

I am writing to express interest in the Project Management position at [Company] in [Location]. This letter serves as a formal application for the vacancy as advertised.

My professional background includes ten years of experience in project and programme management. During this period, I managed project life cycles, allocated resources, and maintained documentation for various initiatives. These roles required the coordination of schedules and the management of project budgets.

My technical competencies include the use of project management software, the creation of status reports, and the maintenance of project logs. I possess experience in risk identification and the execution of task plans. I maintain project files and ensure that processes remain aligned with established project requirements.

I am available for an interview to discuss how my qualifications align with the needs of [Company]. Please contact me via the information provided in my resume to arrange a meeting.

Regards,
[Your Name]",3,0,21,0,147
69,Project Management / Programme Management,"Dear Hiring Manager,

I am writing to express interest in the Project Management position at [Company] located in [Location]. This letter serves as a formal application for the role as advertised.

My professional background includes ten years of experience in project coordination and program oversight. During this period, I have managed project lifecycles, monitored budgets, and tracked timelines for multiple organizational initiatives. My work involves the administration of resources and the maintenance of project documentation.

My technical skills include the use of project management software, data analysis, and the preparation of progress reports. I possess experience in risk assessment, stakeholder communication, and the monitoring of project milestones. These activities are performed to ensure project activities remain aligned with established parameters.

I am available for an interview to discuss this application further. Please contact me via the information provided in my resume to arrange a meeting.

Regards,
[Your Name]",3,0,21,0,142
70,Project Management / Programme Management,"Dear Hiring Manager,

I am writing to submit my application for the Project Management position at [Company] located in [Location]. This letter serves as a formal expression of interest in the vacancy.

My professional background includes the management of projects and programmes across various sectors. I have held positions where I maintained project documentation, monitored schedules, and verified that project milestones met defined requirements. My experience involves the coordination of resources and the assessment of project status.

My skill set includes the use of project management software, the tracking of budgets, and the production of status reports. I possess experience in risk identification and the application of standard methodologies to maintain project progression. I am capable of managing timelines and ensuring that project data remains accurate.

I am available for an interview to discuss this application. Please contact me via the information provided in my resume to arrange a meeting. Thank you for your consideration of these qualifications.

Regards,
[Your Name]",2,0,22,0,155
71,Project Management / Programme Management,"Dear Hiring Manager,

I am writing to submit my application for the Project Manager position at [Company] in [Location]. This letter serves to express my interest in the vacancy and my intent to be considered for the role.

My professional background includes ten years of experience in project and programme management. During this time, I managed various projects from initiation to completion. These projects involved resource allocation, budget management, and the coordination of project phases within established timeframes.

My technical proficiency includes the application of standard project management methodologies and software tools. I possess experience in risk assessment, schedule maintenance, and the production of status reports. I maintain records and data to ensure project documentation remains accurate and accessible.

I am available for an interview to discuss how my professional background meets the requirements of the position. Please contact me via the provided email or phone number to arrange a time for further discussion regarding this application.

Regards,
[Your Name]",2,0,20,0,154
72,Project Management / Programme Management,"Dear Hiring Manager,

I am writing to submit my application for the Project Manager position at [Company]. This letter serves to express my interest in the role as advertised.

My professional background includes experience in the administration and oversight of operational tasks. In previous positions at [Company] located in [Location], I performed duties related to scheduling, resource allocation, and progress monitoring. These roles required the maintenance of project documentation and the coordination of internal processes.

My technical experience includes the application of standard methodologies for project lifecycles. I possess proficiency in the use of project management software and data analysis tools to track progress against established metrics. My tasks have included the preparation of status reports, the identification of procedural gaps, and the management of project budgets.

I am available for an interview to discuss my qualifications for this position. Please contact me at your convenience to arrange a meeting.

Regards,
[Your Name]",1,0,18,0,147
73,Project Management / Programme Management,"Dear Hiring Manager,

I am writing to express interest in the Project Management position at [Company] located in [Location]. This letter serves as a formal application for the vacancy as advertised.

My professional background includes experience in managing projects and programmes within corporate environments. During my tenure at previous organizations, I maintained oversight of project life cycles, resource allocation, and progress reporting. These roles involved the coordination of tasks to meet defined requirements.

My technical proficiency includes the application of standard methodologies to organize workflows and maintain documentation. I possess experience in budget monitoring, risk assessment, and the maintenance of project schedules. These practices are used to ensure that tasks remain within established parameters and timelines.

I am available to discuss this application further. Please contact me via the information provided in my resume to arrange a meeting. Thank you for your consideration of this application.

Regards,
[Your Name]",2,0,17,0,143
74,Project Management / Programme Management,"Dear Hiring Manager,

I am writing to submit my application for the Project Manager position at [Company] in [Location]. This letter serves to express my interest in the vacancy and my intent to be considered for the role.

My professional background includes experience in the administration of projects within [Company]. During my time in these roles, I maintained documentation, tracked project timelines, and managed resources according to established project requirements. I performed these functions within [Location] for a period of five years.

My proficiency includes the use of project management software, the application of standard methodologies, and the preparation of status reports. I am capable of managing project schedules, monitoring budget allocations, and communicating updates to stakeholders. I possess the technical skills required to perform these tasks.

I am available for an interview to discuss my qualifications further. Please contact me at your convenience to arrange a meeting. Thank you for your time and for reviewing my application materials.

Regards,
[Your Name]",4,1,20,0,156
75,Project Management / Programme Management,"Dear Hiring Manager,

I am writing to submit my application for the Project Manager position at [Company] in [Location]. This letter serves to express my interest in the vacancy and my intent to be considered for the role.

My professional background includes experience in managing projects and programmes within [Company] and other organizations. During these periods, I was responsible for the status of project timelines, the allocation of resources, and the documentation of internal processes. My work focused on the execution of tasks in accordance with established parameters.

I possess experience in the application of project management methodologies. My technical skills include the use of project management software, the creation of progress reports, and the monitoring of budget expenditures. I maintain records of project milestones and communicate status updates to stakeholders through standard reporting channels.

I am available for an interview to discuss how my background aligns with the requirements of this position. Please contact me at your convenience to arrange a meeting. Thank you for your review of these materials.

Regards,
[Your Name]",2,1,21,0,168
76,Project Management / Programme Management,"Dear Hiring Manager,

I am writing to express my interest in the Project Management position at [Company] in [Location]. This letter serves as my formal application for the vacancy as advertised.

My professional background includes experience managing projects within [Company] and [Company]. During these periods, I managed project lifecycles, monitored budget allocations, and tracked progress against established timelines. These positions required the maintenance of documentation and the coordination of project components.

I possess experience in the application of project management methodologies, including the use of scheduling software and resource tracking tools. My duties have included the generation of status reports, the identification of procedural variances, and the maintenance of project records. I am proficient in the use of standard office software and technical tools for data management.

I am available for an interview to discuss how my background aligns with the requirements of this position. Please contact me via the information provided on my resume to arrange a meeting.

Regards,
[Your Name]",2,0,22,0,156
77,Project Management / Programme Management,"Dear Hiring Manager,

I am writing to submit my application for the Project Manager position at [Company] in [Location]. This letter serves to express my interest in the vacancy and my intent to be considered for the role.

My professional background includes experience in managing projects and programmes within [Company] environments. I have managed project lifecycles, monitored budgets, and tracked timelines. My work involved the coordination of resources and the assessment of progress against established plans.

I possess technical competency in project management software and standard reporting methodologies. My tasks have included the documentation of project status, the management of risk logs, and the communication of updates to stakeholders. I am familiar with standard project management frameworks and the application of these methodologies to daily operations.

I am available for an interview to discuss this application. Please contact me via the provided details to arrange a meeting at your convenience.

Regards,
[Your Name]",3,0,17,0,147
78,Project Management / Programme Management,"Dear Hiring Manager,

I am writing to express interest in the Project Management position at [Company] in [Location]. This application serves as a formal request for consideration for the role.

My professional history includes five years of experience in project coordination and program oversight. During this period, I managed schedules, monitored budgets, and tracked task completion across multiple departments. I maintained documentation and provided status reports to stakeholders regarding project progression.

My technical proficiency includes the application of project management software for resource allocation and timeline tracking. I possess experience in risk identification and the adjustment of workflows to maintain adherence to established project constraints. I am capable of organizing documentation and facilitating meetings to ensure information exchange remains consistent.

I am available for an interview to discuss the requirements of the position. Please contact me at your convenience to arrange a meeting.


Regards,
[Your Name]",3,0,19,0,140
79,Project Management / Programme Management,"Dear Hiring Manager,

I am writing to submit my application for the Project Manager position at [Company] in [Location]. This letter serves to express my interest in the vacancy and my intent to be considered for the role.

My professional background includes ten years of experience in project and programme management. During this time, I have managed multiple projects from initiation to completion. I have monitored project lifecycles and coordinated the allocation of resources. My work has involved the maintenance of project schedules and the tracking of internal metrics.

I possess technical competency in project management software, budget administration, and quality assurance processes. My technical skills include the use of industry-standard tools to organize project documentation and track status updates. I maintain logs of project progress and prepare reports for stakeholders based on the data collected.

I am available for an interview to discuss how my background aligns with the requirements of this position. Please contact me at your convenience to arrange a meeting. Thank you for your time and consideration of this application.

Regards,
[Your Name]",2,0,22,0,171
80,Project Management / Programme Management,"Dear Hiring Manager,

I am writing to submit my application for the Project Management position at [Company] in [Location]. This letter serves as a formal expression of interest in the role as described in the job listing.

My professional background includes experience in managing projects and programmes across various sectors. Previous assignments involved the coordination of resources, the tracking of timelines, and the management of project budgets. I have performed these tasks in alignment with stated organizational requirements and operational standards.

My core competencies include the creation of project schedules, the preparation of status reports, and the management of project documentation. I am proficient in the use of standard project management software and possess technical knowledge of methodologies used to monitor progress. These skills allow me to maintain order and clarity within project environments.

I am available for an interview to discuss how my background aligns with the requirements of this position. Thank you for your consideration of this application. I look forward to receiving your response.

Regards,
[Your Name]",2,0,20,0,164
81,Project Management / Programme Management,"Dear Hiring Manager,

I am writing to express my interest in the Project Management position at [Company] in [Location]. This letter serves as my formal application for the vacancy as advertised.

My professional background includes experience managing projects and programmes within corporate environments. I have managed timelines, budgets, and operational requirements across multiple phases of project lifecycles. My history involves working with structured methodologies to maintain progress on assigned tasks.

My skill set includes the use of project management software, data reporting, and resource allocation. I am experienced in identifying project requirements, tracking milestones, and communicating status updates to stakeholders. I maintain documentation and perform analysis to track project status against initial parameters.

I am available for an interview to discuss how my experience aligns with the requirements of this position. Thank you for your time and consideration of my application.

Regards,
[Your Name]",3,1,18,0,138
82,Project Management / Programme Management,"Dear Hiring Manager,

I am writing to submit my application for the Project Manager position at [Company] in [Location]. This letter serves as a formal expression of interest in the role as advertised.

My professional background includes experience in managing project lifecycles within corporate environments. I have occupied positions where I monitored project progress, maintained documentation, and coordinated tasks according to established timelines. These roles required the use of standard project management methodologies to ensure that tasks were completed as scheduled.

My technical proficiency includes the use of project management software, budget tracking, and resource allocation. I have experience in risk assessment, status reporting, and the maintenance of project logs. I am capable of organizing project documentation and communicating status updates to stakeholders through formal channels.

I am available for an interview to discuss my qualifications further. Please contact me via the information provided in my resume to arrange a meeting. Thank you for your time and consideration of this application.

Regards,
[Your Name]",2,1,22,0,158
83,Project Management / Programme Management,"Dear Hiring Manager,

I am writing to submit my application for the Project Management position at [Company] in [Location]. This letter serves as a formal expression of interest in the vacancy currently open within your organization.

My professional background includes the management of projects within [Company] and [Company]. During these periods, I maintained documentation, tracked project timelines, and coordinated the distribution of resources. My work involved the observation of project life cycles from initiation to completion.

I possess proficiency in standard project management software and internal reporting tools. My routine tasks included the creation of status reports, the monitoring of budgets, and the management of schedules. I maintained records of project progress and communicated updates to stakeholders as required.

I am available for an interview to discuss my qualifications for this role. I look forward to receiving your response regarding the next steps in the recruitment process.

Regards,
[Your Name]",0,1,16,0,144
84,Project Management / Programme Management,"Dear Hiring Manager,

I am writing to express interest in the Project Management position at [Company] in [Location]. This letter serves as a formal application for the role as advertised.

My professional background includes experience in managing project lifecycles within [Company]. I have held responsibility for the coordination of resources, the monitoring of timelines, and the reporting of project status to stakeholders. My work has focused on the execution of tasks according to established project plans.

I possess proficiency in standard project management methodologies and software tools. My tasks involve the creation of project schedules, the management of budgets, and the documentation of project requirements. I am experienced in the use of data for the tracking of project progress and the identification of variances from the project plan.

I am available for an interview to discuss my qualifications for this position. Please contact me via the provided details to arrange a meeting at your convenience.

Regards,
[Your Name]",2,0,21,0,152
85,Project Management / Programme Management,"Dear Hiring Manager,

I am writing to submit my application for the Project Manager position at [Company] in [Location]. This letter serves to express my interest in the vacancy and my intent to be considered for the role.

My professional background includes ten years of experience in project and programme management. During this time, I managed various assignments from initiation to completion. My responsibilities included resource allocation, schedule maintenance, and status reporting within [Company].

My technical abilities include the use of industry-standard software for documentation and tracking. I am proficient in establishing timelines, monitoring budget usage, and managing project artifacts. I maintain project logs and prepare documentation for review by relevant stakeholders.

I am available for an interview to discuss my qualifications for this position. Please contact me at your convenience to arrange a meeting. Thank you for your time and consideration of this application.

Regards,
[Your Name]",2,0,22,0,142
86,Project Management / Programme Management,"Dear Hiring Manager,

I am writing to express interest in the Project Management position at [Company] located in [Location]. This letter serves as a formal application for the vacancy as advertised.

My professional background includes ten years of experience in project and programme management. During this period, I maintained responsibility for the coordination of resources, the tracking of schedules, and the management of project documentation. My previous roles required the completion of projects within defined parameters and the reporting of status updates to stakeholders.

My technical competencies include the application of standard project management methodologies, the creation of project plans, and the management of budgets. I possess proficiency in the use of project management software for task tracking and data analysis. These skills allow for the maintenance of project records and the monitoring of progress against established timelines.

I am available for an interview to discuss how my experience aligns with the requirements of this position. Thank you for your time and consideration of this application.

Regards,
[Your Name]",0,0,20,0,163
87,Project Management / Programme Management,"Dear Hiring Manager,

I am writing to express interest in the Project Management position at [Company] in [Location]. This letter serves as a formal application for the role as advertised.

My professional background includes experience in the administration of projects and programs. I have managed timelines and resource allocations within [Company] and other organizational settings. My responsibilities have involved the monitoring of project phases and the reporting of status updates to stakeholders.

My technical experience includes the application of project management methodologies to organize tasks and maintain documentation. I possess experience in the use of standard software tools for the tracking of project metrics. I maintain records of project progress and verify that outputs align with established project requirements.

I am available for an interview to discuss how my background aligns with the requirements of this role. Please contact me via the information provided in my resume to arrange a meeting.

Regards,
[Your Name]",1,0,24,0,148
88,Project Management / Programme Management,"Dear Hiring Manager,

I am writing to submit my application for the Project Manager position at [Company] in [Location]. This letter serves as my formal expression of interest in the role as advertised.

My professional background includes ten years of experience in project and programme management. During this period, I managed project lifecycles, performed budget tracking, and maintained documentation for various initiatives. My responsibilities involved coordinating project activities and ensuring alignment with established project parameters.

My technical proficiency includes the application of standard project management methodologies and software tools. I possess experience in resource allocation, progress monitoring, and reporting. I am able to apply these methods to organize workflows and maintain project schedules according to defined requirements.

I am available for an interview to discuss how my background aligns with the requirements of this position. Thank you for your time and consideration of my application. I look forward to hearing from you regarding the next steps in the hiring process.

Regards,
[Your Name]",2,0,24,0,157
89,Project Management / Programme Management,"Dear Hiring Manager,

I am writing to submit my application for the Project Manager position at [Company] in [Location]. This letter serves as a formal expression of interest in the vacancy currently open within your organization.

My professional background includes five years of experience in project coordination and resource management. During this time, I managed project lifecycles from initiation to closure. My responsibilities included budget tracking, schedule monitoring, and the preparation of progress reports for stakeholders.

My technical proficiency includes the use of project management software for task tracking and data analysis. I maintain documentation according to established protocols and monitor project milestones to ensure they remain within the defined parameters. I am experienced in the application of standard methodologies to organize project workflows and maintain records.

I am available for an interview to discuss how my qualifications align with the requirements of this role. Please contact me at your convenience to arrange a meeting. Thank you for your time and consideration of this application.

Regards,
[Your Name]",1,0,23,0,162
90,Project Management / Programme Management,"Dear Hiring Manager,

I am writing to express interest in the Project Management position at [Company]. My professional background aligns with the requirements stated in the job description, and I am submitting my application for your consideration.

My experience includes management of projects within [Location]. In previous roles, I monitored project timelines, maintained documentation, and tracked progress against established criteria. I have managed budgets and resources to ensure the completion of assigned tasks.

My skill set includes the use of project management software, data analysis, and technical reporting. I possess experience in risk assessment and the coordination of project phases. These skills allow for the maintenance of schedules and the management of project documentation.

I am available for an interview to discuss how my background meets the needs of [Company]. Please contact me via the information provided on my resume to arrange a time for further discussion. Thank you for your time and consideration of this application.

Regards,
[Your Name]",2,0,21,0,154
