Keyword / Phrase,Sub-category
candidates,Role
candidate,Role
employees,Role
employee,Role
positions,Role
position,Role
positioning,Role
positioned,Role
roltion,Role
roles,Role
role,Role
jobs,Role
job,Role
organisation,Role
organisations,Role
company,Role
companies,Role
responsibilities,Process
duties,Process
requirements,Process
qualifications,Process
application,Process
applications,Process
applicants,Process
applicant,Process
interviews,Process
interviewing,Process
interviewed,Process
interview,Process
interviewer,Process
documentations,Process
documenting,Process
documents,Process
document,Process
documented,Process
records,Process
recording,Process
recorded,Process
record,Process
scheduled,Process
schedules,Process
schedule,Process
scheduling,Process
timeline,Process
timelines,Process
deadlines,Process
deadline,Process
policy,Process
policies,Process
procedures,Process
procedure,Process
guidelines,Process
guideline,Process
compliance,Process
regulations,Process
regulation,Process
training,Process
systems,System
system,System
platforms,System
platform,System
equipments,System
equipment,System
technology,System
technologies,System
offices,Logistics
office,Logistics
workplace,Logistics
workplaces,Logistics
onsite,Logistics
onsites,Logistics
remote,Logistics
hybrid,Logistics
working hours,Logistics
salaried,Employment
salary,Employment
salaries,Employment
benefits,Employment
employment type,Employment
full-timer,Employment
full-time,Employment
part-timer,Employment
part-time,Employment
contractor,Employment
contracted,Employment
contract,Employment
contracts,Employment
contracting,Employment
location,Employment
locations,Employment
