keyword,category
collaborate,teamwork
coordinate,teamwork
support,teamwork
facilitate,teamwork
cooperate,teamwork
follow,teamwork
team-oriented,teamwork
harmonious,teamwork
supportive,teamwork
assist,service
relationship-building,service
customer-focused,service
stakeholder alignment,service
consultant,service
interpersonal,service
empathetic,quality
compassionate,quality
caring,quality
nurturing,quality
inclusive,teamwork
consensus-building,teamwork
mentor,service
mentoring,service
community-oriented,service
partnership,teamwork
stakeholder engagement,service
cross-functional collaboration,teamwork
trust-building,quality
respectful,quality
build,teamwork
builder,teamwork
builders,teamwork
building,teamwork
buildings,teamwork
builds,teamwork
care,quality
care's,quality
cared,quality
carefree,quality
careful,quality
carefully,quality
caregiver,quality
caregivers,quality
caregiving,quality
cares,quality
caretakers,quality
caretaking,quality
cheer,quality
cheerful,quality
cheering,quality
cheerleading,quality
child,quality
childcare,quality
children,quality
children's,quality
client,service
client's,service
cliental,service
clientele,service
clienteling,service
clientes,service
clients,service
clients',service
commit,quality
commitment,quality
commitments,quality
commits,quality
committed,quality
committee,quality
committees,quality
committing,quality
communicate,service
communicated,service
communicates,service
compassion,quality
connect,teamwork
connect's,teamwork
connected,teamwork
connectedness,teamwork
connecting,teamwork
connection,teamwork
connections,teamwork
connective,teamwork
connectivity,teamwork
connector,teamwork
connectors,teamwork
connects,teamwork
contact,service
contact's,service
contactable,service
contacted,service
contacting,service
contacts,service
cooperates,teamwork
cooperating,teamwork
cooperation,teamwork
cooperative,teamwork
cooperatively,teamwork
cooperatives,teamwork
customer,service
customer's,service
customers,service
customers',service
depend,quality
dependability,quality
dependable,quality
depended,quality
dependence,quality
dependencies,quality
dependency,quality
dependent,quality
dependents,quality
depending,quality
depends,quality
develop,service
developed,service
developer,service
developer's,service
developers,service
developing,service
development,service
development's,service
developmental,service
developments,service
develops,service
emotional,quality
emotionally,quality
empathetically,quality
empathic,quality
empathize,quality
empathizes,quality
empathizing,quality
empathy,quality
followed,teamwork
follower,teamwork
followers,teamwork
followership,teamwork
following,teamwork
follows,teamwork
followup,teamwork
gentle,quality
help,service
helped,service
helper,service
helpers,service
helpful,service
helpfully,service
helpfulness,service
helping,service
helps,service
interdependence,teamwork
interdependencies,teamwork
interdependent,teamwork
interdependently,teamwork
interpersonally,service
love,quality
loved,quality
lovely,quality
loves,quality
loyal,quality
loyalty,quality
member,teamwork
member's,teamwork
members,teamwork
members',teamwork
membership,teamwork
memberships,teamwork
modest,quality
nurture,quality
nurtured,quality
nurtures,quality
partner,teamwork
partner's,teamwork
partnered,teamwork
partnering,teamwork
partnerresponsibilities,teamwork
partners,teamwork
partners',teamwork
partnerships,teamwork
partnerships',teamwork
pleasant,quality
pleasantly,quality
quiet,quality
quieter,quality
quietly,quality
respond,quality
responded,quality
respondents,quality
responder,quality
responders,quality
responding,quality
responds,quality
responsabilidades,quality
response,quality
responses,quality
responsibilites,quality
responsibilities,quality
responsibility,quality
responsibilties,quality
responsible,quality
responsibly,quality
responsive,quality
responsiveness,quality
role,teamwork
role's,teamwork
roles,teamwork
sensitive,quality
sensitivities,quality
sensitivity,quality
share,teamwork
shareable,teamwork
shared,teamwork
shares,teamwork
sincere,quality
sincerely,quality
soothing,quality
staff,teamwork
staffed,teamwork
staffing,teamwork
staffs,teamwork
supported,teamwork
supporter,teamwork
supporters,teamwork
supporting,teamwork
supports,teamwork
sympathetic,quality
tender,quality
tenders,quality
together,teamwork
togetherness,teamwork
togethers,teamwork
trust,quality
trust's,quality
trusted,quality
trustful,quality
trusting,quality
trusts,quality
trustworthiness,quality
trustworthy,quality
understand,quality
understandable,quality
understandably,quality
understanding,quality
understands,quality
warm,quality
warmer,quality
warming,quality
warmly,quality
warmth,quality
yield,quality
yielding,quality
yields,quality
